{"cameraMode":{"drawMode":0,"name":"Shaded","section":"Shading Mode"},"sceneLighting":true,"audioPlay":false,"sceneViewState":{"showFog":false,"showMaterialUpdate":false,"showSkybox":true,"showFlares":true,"showImageEffects":true,"showParticleSystems":true},"in2DMode":false,"pivot":{"x":6.691036224365234,"y":12.473320007324219,"z":-11.832504272460938},"rotation":{"x":0.4470280706882477,"y":0.07044805586338043,"z":-0.035343147814273837,"w":0.8910411596298218},"size":57.442604064941409,"orthographic":false}