{"cameraMode":{"drawMode":0,"name":"Shaded","section":"Shading Mode"},"sceneLighting":true,"audioPlay":false,"sceneViewState":{"showFog":false,"showMaterialUpdate":false,"showSkybox":true,"showFlares":true,"showImageEffects":true,"showParticleSystems":true},"in2DMode":false,"pivot":{"x":-21.487653732299806,"y":0.019068248569965364,"z":-17.32477378845215},"rotation":{"x":0.01649341732263565,"y":-0.026391545310616494,"z":0.0004358707519713789,"w":0.9995189309120178},"size":9.559115409851075,"orthographic":true}