{"cameraMode":{"drawMode":0,"name":"Shaded","section":"Shading Mode"},"sceneLighting":false,"audioPlay":false,"sceneViewState":{"showFog":false,"showMaterialUpdate":false,"showSkybox":false,"showFlares":true,"showImageEffects":true,"showParticleSystems":true},"in2DMode":false,"pivot":{"x":0.9296278953552246,"y":1.7045475244522095,"z":-4.048939228057861},"rotation":{"x":-0.039455145597457889,"y":0.8066399693489075,"z":-0.053971003741025928,"w":-0.5873568654060364},"size":3.69407320022583,"orthographic":false}