{"cameraMode":{"drawMode":0,"name":"Shaded","section":"Shading Mode"},"sceneLighting":true,"audioPlay":false,"sceneViewState":{"showFog":false,"showMaterialUpdate":false,"showSkybox":true,"showFlares":true,"showImageEffects":true,"showParticleSystems":true},"in2DMode":false,"pivot":{"x":0.7796608209609985,"y":1.8885650634765626,"z":0.2595481872558594},"rotation":{"x":0.47758710384368899,"y":0.016341684386134149,"z":-0.00888495147228241,"w":0.8783885836601257},"size":25.94045639038086,"orthographic":false}