{"cameraMode":{"drawMode":0,"name":"Shaded","section":"Shading Mode"},"sceneLighting":true,"audioPlay":false,"sceneViewState":{"showFog":false,"showMaterialUpdate":false,"showSkybox":true,"showFlares":true,"showImageEffects":true,"showParticleSystems":true},"in2DMode":false,"pivot":{"x":305.3897705078125,"y":88.46340942382813,"z":-256.7412109375},"rotation":{"x":0.04050508141517639,"y":0.4692580997943878,"z":-0.021554091945290567,"w":0.8818885087966919},"size":1142.8385009765625,"orthographic":false}