{"cameraMode":{"drawMode":0,"name":"Shaded","section":"Shading Mode"},"sceneLighting":true,"audioPlay":false,"sceneViewState":{"showFog":false,"showMaterialUpdate":false,"showSkybox":true,"showFlares":true,"showImageEffects":true,"showParticleSystems":true},"in2DMode":false,"pivot":{"x":305.3897705078125,"y":88.46340942382813,"z":-256.7412109375},"rotation":{"x":0.11497967690229416,"y":0.5383042693138123,"z":-0.0744319036602974,"w":0.8315668106079102},"size":1142.8385009765625,"orthographic":false}