{"cameraMode":{"drawMode":0,"name":"Shaded","section":"Shading Mode"},"sceneLighting":true,"audioPlay":false,"sceneViewState":{"showFog":false,"showMaterialUpdate":false,"showSkybox":true,"showFlares":true,"showImageEffects":true,"showParticleSystems":true},"in2DMode":false,"pivot":{"x":0.0616908073425293,"y":1.0254955291748047,"z":-0.3860905170440674},"rotation":{"x":0.21791869401931764,"y":0.17803101241588593,"z":-0.04046601802110672,"w":0.9587382674217224},"size":22.0,"orthographic":false}